{"input": {"input_array": {"type": 1, "swagger": {"type": "array", "example": [[[[26.50021841359376], [61.543738718054094], [208.1449126950871], [223.84276354052233], [13.86046754562863], [93.03686408442269], [169.39212525608744], [69.53976972808312], [195.93023647044456], [32.68280048910088], [41.24074834156481], [105.73075777713169], [154.04958865501834], [229.3703834785827], [30.467871401276174], [160.2498355626357], [180.31064303670055], [91.18729975373205], [193.83731871990227], [93.92514376839726], [45.81898913490121], [147.55542849565202], [128.974887080731], [188.64862216758314], [184.37996310423483], [60.30805455190295], [176.5882006682251], [238.92442956560993]], [[128.0342015624894], [138.43291584194426], [170.99753555687005], [58.41372121389675], [105.38888722297281], [15.74988580450446], [245.65327149651506], [100.45094796223117], [4.108849465311984], [161.39014008979578], [151.62264593992427], [213.0800758505949], [65.45455517555835], [218.45155588286377], [129.419652524966], [237.55158971613247], [6.19817008748721], [48.50349128131874], [6.457753048760676], [182.60982482726754], [16.32405890970301], [58.83204530730657], [147.66473914303043], [106.7877558946177], [195.87152129902466], [242.2414865191628], [9.347055111607846], [199.21730590609275]], [[202.0448413437934], [67.2608863022274], [96.55602634098848], [75.84343035354011], [119.99338706282364], [73.10635142893524], [252.67184815537166], [136.63360478175827], [65.28215562250818], [186.47336920154626], [184.74589695852444], [152.8508903220743], [119.9547609187846], [195.23830973087334], [206.28168946112328], [217.19202780774066], [7.939113555323811], [148.46614651743565], [237.7802564648104], [109.19406893426809], [105.57256183449778], [223.4779932190644], [68.83027699368705], [71.72659144911715], [10.107110217203], [111.7274102742982], [26.827631118187842], [200.42856403238525]], [[233.65893974552512], [237.954281556232], [180.79008598674258], [196.84747253147208], [238.72742245519714], [52.05620194169438], [17.11897896784044], [23.134596250625048], [178.45280604488167], [88.57047190021473], [190.0190923589163], [20.145002796461267], [38.70739870835964], [145.76215946275155], [67.99144105430881], [204.00457376814867], [168.24642277306765], [165.8851487970237], [175.885351081775], [110.3193146410244], [133.35462291949716], [179.9916068893303], [40.81480025446246], [205.60703369828002], [61.60015471022565], [195.93092155256397], [170.40249952954335], [232.55049196145006]], [[8.721310587909363], [226.53176679682454], [161.88239963002235], [185.46902714702227], [77.96603940728897], [112.84810277876605], [225.07245462442833], [214.05758458218642], [167.7737019694178], [5.386894471118376], [13.55493279333824], [106.93905337556643], [37.64831203184941], [98.92020035980619], [183.74469509335768], [198.63331918975757], [212.6561750385179], [108.72411662437203], [203.04799375135215], [45.13898584383724], [56.76005116984838], [54.83781838831299], [5.350534466906851], [226.71643648410725], [83.51128412536923], [116.52603138606108], [126.45931390915219], [167.96852705678415]], [[223.26990147859067], [230.7577022607922], [17.583422779503227], [113.72506914792207], [91.96227066132377], [159.3027261860331], [195.5107703452904], [16.49432177324081], [163.51729898136844], [208.9489959185997], [248.6851347429876], [241.47283247134536], [83.8064071883124], [153.4323834716907], [201.5801862256403], [208.96072232032685], [82.11747598342849], [103.85211607634791], [250.9397381059151], [38.29304532391819], [4.805533525618537], [56.3676211900428], [144.65537922518658], [126.2047149469866], [59.04788712956367], [54.0581119689468], [243.2777670690096], [108.46545293934152]], [[35.9425119812138], [214.03965870141388], [13.964474977811745], [189.01615451264917], [109.15101188701694], [41.115454180865775], [148.499257618594], [51.61145513919983], [143.0669657876941], [199.7893931702066], [11.89776910447049], [65.86915211929012], [254.1430468547265], [71.86840392521567], [4.956835258567193], [46.739623402411816], [175.24970807191025], [251.74808612116257], [38.32831802852336], [101.43121924315973], [211.31463424242995], [218.64882900322866], [205.43635978715488], [211.72989492679278], [113.3578895826146], [184.53469090741348], [169.81053513429842], [155.9727379031274]], [[36.56794857671763], [250.9106742418091], [205.78775943324322], [87.12085581736923], [178.06026106553946], [192.784028188342], [206.450497923054], [143.2566536529689], [128.57306040197068], [215.44753400799965], [108.66567316551881], [180.26366382656164], [250.07598001980122], [217.52802518852255], [1.806200838115977], [176.2981550701323], [215.2051912210047], [7.034633484676988], [252.38430263027502], [194.5891410243694], [135.64600649445663], [87.35531646193942], [116.4739774984757], [19.593944523408094], [133.12800643818852], [74.55228984509738], [192.5148328853353], [237.48866351934902]], [[81.90657329317663], [218.26224278125133], [126.51861649988925], [83.51198985470133], [215.67277612723183], [13.527065065421699], [157.07239114568642], [18.572278096399188], [64.4253773290487], [230.29994121627834], [14.684750479682078], [208.29709824198224], [228.3170664072711], [155.7141037578123], [203.77461433313746], [155.47288194239795], [204.05055527458507], [164.27466799664046], [59.32418343150593], [67.31487813107371], [69.18798712281041], [132.28808579073734], [73.48967863658022], [223.9303432875587], [31.443104734304594], [202.3597729180722], [225.44047376618124], [129.73359224948032]], [[158.35356334818246], [212.63908680314933], [184.29490153642294], [61.28930218964312], [21.52094298309393], [216.30090880285218], [87.21493028795814], [95.44451824777863], [248.85970081027716], [191.1143977384351], [83.9544529008133], [39.57396321594667], [197.11937361102432], [27.034213678046605], [73.15463761018074], [179.46971560723702], [23.13815470509571], [209.46217751804787], [176.59948635812393], [51.160652647001], [97.360968256528], [69.56789064049501], [139.206142823915], [84.62325576268297], [69.47757124966958], [144.92861225334292], [123.59338227023092], [234.48828452786313]], [[83.41499147017237], [61.144628691830874], [0.47767692409904694], [187.7604069080168], [6.259704061637881], [79.96218688605364], [63.3382265455505], [246.78909099175917], [194.53273821027193], [173.74744082517077], [51.613835240428486], [163.69773855600988], [131.92305430940988], [181.40618852692018], [198.92857517360036], [135.65718281533623], [17.072893125508852], [192.6877263720553], [129.24323846641096], [126.63731260632535], [131.20270084326233], [67.82822416551863], [56.472451694229235], [52.2270430223351], [17.573965329211298], [54.95921809679227], [17.58979682439128], [118.18524982533945]], [[54.91037617435265], [165.67642798231194], [141.37985957268535], [235.87017018480665], [41.76922588410492], [147.64041291267802], [187.42520666766762], [114.35813821863826], [216.72811342933747], [216.8531411760489], [48.14175648003073], [246.97228726034444], [168.8451278101774], [109.53034937829695], [95.6020041949289], [76.47833966494642], [120.53339774234712], [20.47669289400056], [40.503115528621564], [140.6843940760589], [59.256595497089776], [167.04370101864828], [0.34564368358800446], [168.06756213921605], [18.91144558226525], [42.14621365877466], [82.18501772723], [175.29754449231118]], [[63.51542516996641], [138.73554575628845], [47.423629228995665], [103.7594879657513], [140.38892284487636], [1.9422583283915222], [122.53595064787906], [121.27265244937259], [109.55518620429497], [115.87980650630821], [107.29187026389037], [167.80141645825924], [215.92909334665828], [20.166382300519842], [157.66758269356532], [78.01599508177065], [211.78696097476808], [68.87837242998638], [53.88474585577225], [153.9588344260066], [149.69887129066078], [181.0831647791358], [153.3121731369529], [247.7014354181097], [164.1692359717811], [153.47796489944272], [133.20855826405753], [47.19377330111469]], [[226.33935542260159], [139.313512760888], [222.35459847542396], [36.4268519572222], 